"Country or Area","Year","Commodity","Flow","Trade (USD)","Weight (kg)","Quantity Name","Quantity"
"Andorra","2023","Wood; charcoal of nut or shell, whether or not agglomerated","Import","13274.535","4960","Weight in kilograms","4960"
"Andorra","2022","Wood; charcoal of nut or shell, whether or not agglomerated","Import","22346.843","7201","Weight in kilograms","7201"
"Armenia","2024","Wood; charcoal of nut or shell, whether or not agglomerated","Export","1650.73","277","Weight in kilograms","277"
"Armenia","2024","Wood; charcoal of nut or shell, whether or not agglomerated","Import","154760.85","66460.26","Weight in kilograms","66460.26"
"Armenia","2023","Wood; charcoal of nut or shell, whether or not agglomerated","Import","99129.48","31029.87","Weight in kilograms","31029.87"
"Armenia","2023","Wood; charcoal of nut or shell, whether or not agglomerated","Export","1089.35","146.294","Weight in kilograms","146.294"
"Armenia","2022","Wood; charcoal of nut or shell, whether or not agglomerated","Import","33407.38","21940","Weight in kilograms","21940"
"ASEAN","2023","Wood; charcoal of nut or shell, whether or not agglomerated","Import","355585.575","460074.872","Weight in kilograms","460074.872"
"ASEAN","2023","Wood; charcoal of nut or shell, whether or not agglomerated","Export","284144088.965","375197284.152","Weight in kilograms","375197284.152"
"ASEAN","2022","Wood; charcoal of nut or shell, whether or not agglomerated","Export","259732766.479","291663964.266","Weight in kilograms","291663964.266"
"ASEAN","2022","Wood; charcoal of nut or shell, whether or not agglomerated","Import","139419.381","220526.458","Weight in kilograms","220526.458"
"Australia","2024","Wood; charcoal of nut or shell, whether or not agglomerated","Export","105020.065","350010","Weight in kilograms","350010"
"Australia","2024","Wood; charcoal of nut or shell, whether or not agglomerated","Import","1095980.188","1289211","Weight in kilograms","1289211"
"Australia","2023","Wood; charcoal of nut or shell, whether or not agglomerated","Export","132.873","60","Weight in kilograms","60"
"Australia","2023","Wood; charcoal of nut or shell, whether or not agglomerated","Import","960012.614","1245534","Weight in kilograms","1245534"
"Australia","2022","Wood; charcoal of nut or shell, whether or not agglomerated","Import","1383704.208","1538051","Weight in kilograms","1538051"
"Austria","2024","Wood; charcoal of nut or shell, whether or not agglomerated","Export","63761.951","23441","Weight in kilograms","23441"
"Austria","2024","Wood; charcoal of nut or shell, whether or not agglomerated","Import","247651.896","125988.563","Weight in kilograms","125988.563"
"Austria","2023","Wood; charcoal of nut or shell, whether or not agglomerated","Export","39522.531","14710","Weight in kilograms","14710"
"Austria","2023","Wood; charcoal of nut or shell, whether or not agglomerated","Import","280261.582","183922","Weight in kilograms","183922"
"Austria","2022","Wood; charcoal of nut or shell, whether or not agglomerated","Export","111553.654","37313","Weight in kilograms","37313"
"Austria","2022","Wood; charcoal of nut or shell, whether or not agglomerated","Import","195102.532","137642","Weight in kilograms","137642"
"Azerbaijan","2024","Wood; charcoal of nut or shell, whether or not agglomerated","Export","7310","17000","Weight in kilograms","17000"
"Azerbaijan","2024","Wood; charcoal of nut or shell, whether or not agglomerated","Import","129740","64870","Weight in kilograms","64870"
"Azerbaijan","2023","Wood; charcoal of nut or shell, whether or not agglomerated","Import","53200","26600","Weight in kilograms","26600"
"Azerbaijan","2023","Wood; charcoal of nut or shell, whether or not agglomerated","Export","16880","26600","Weight in kilograms","26600"
"Azerbaijan","2022","Wood; charcoal of nut or shell, whether or not agglomerated","Import","210","53","Weight in kilograms","53"
"Bahamas","2023","Wood; charcoal of nut or shell, whether or not agglomerated","Import","231","233.928","Weight in kilograms","233.928"
"Bahrain","2023","Wood; charcoal of nut or shell, whether or not agglomerated","Import","442812.807","448426.289","Weight in kilograms","448426.289"
"Bahrain","2022","Wood; charcoal of nut or shell, whether or not agglomerated","Import","59411.356","79780","Weight in kilograms","79780"
"Belgium","2024","Wood; charcoal of nut or shell, whether or not agglomerated","Export","82800.731","80607.36","Weight in kilograms","80607.36"
"Belgium","2024","Wood; charcoal of nut or shell, whether or not agglomerated","Import","1064359.226","1022471.35","Weight in kilograms","1022471.35"
"Belgium","2023","Wood; charcoal of nut or shell, whether or not agglomerated","Export","87817.166","91011.62","Weight in kilograms","91011.62"
"Belgium","2023","Wood; charcoal of nut or shell, whether or not agglomerated","Import","1124296.58","953183.995","Weight in kilograms","953183.995"
"Belgium","2022","Wood; charcoal of nut or shell, whether or not agglomerated","Export","66624.744","71364.4","Weight in kilograms","71364.4"
"Belgium","2022","Wood; charcoal of nut or shell, whether or not agglomerated","Import","1075023.723","844166.71","Weight in kilograms","844166.71"
"Belize","2024","Wood; charcoal of nut or shell, whether or not agglomerated","Export","15.13","10","Weight in kilograms","10"
"Belize","2024","Wood; charcoal of nut or shell, whether or not agglomerated","Import","13.505","2","Weight in kilograms","2"
"Belize","2023","Wood; charcoal of nut or shell, whether or not agglomerated","Import","264.64","133.17","Weight in kilograms","133.17"
"Benin","2023","Wood; charcoal of nut or shell, whether or not agglomerated","Export","20480.297","215765","Weight in kilograms","215765"
"Bermuda","2023","Wood; charcoal of nut or shell, whether or not agglomerated","Import","91.95","5","Weight in kilograms","5"
"Bermuda","2022","Wood; charcoal of nut or shell, whether or not agglomerated","Import","190.08","34","Weight in kilograms","34"
"Bosnia Herzegovina","2024","Wood; charcoal of nut or shell, whether or not agglomerated","Export","4860.116","1800","Weight in kilograms","1800"
"Bosnia Herzegovina","2024","Wood; charcoal of nut or shell, whether or not agglomerated","Import","52102.526","39880","Weight in kilograms","39880"
"Bosnia Herzegovina","2023","Wood; charcoal of nut or shell, whether or not agglomerated","Import","28976.866","25700","Weight in kilograms","25700"
"Bosnia Herzegovina","2022","Wood; charcoal of nut or shell, whether or not agglomerated","Import","73444.32","36000","Weight in kilograms","36000"
"Botswana","2023","Wood; charcoal of nut or shell, whether or not agglomerated","Import","1795.992","1100","Weight in kilograms","444"
"Botswana","2022","Wood; charcoal of nut or shell, whether or not agglomerated","Import","403.765","18","Weight in kilograms","1"
"Brazil","2024","Wood; charcoal of nut or shell, whether or not agglomerated","Export","402728","500121","Weight in kilograms","488323"
"Brazil","2024","Wood; charcoal of nut or shell, whether or not agglomerated","Import","913369","1221032","Weight in kilograms","1221032"
"Brazil","2023","Wood; charcoal of nut or shell, whether or not agglomerated","Export","313076","454230","Weight in kilograms","454229"
"Brazil","2023","Wood; charcoal of nut or shell, whether or not agglomerated","Import","1300117","2362012","Weight in kilograms","2362012"
"Brazil","2022","Wood; charcoal of nut or shell, whether or not agglomerated","Export","546","672","Weight in kilograms","672"
"Brazil","2022","Wood; charcoal of nut or shell, whether or not agglomerated","Import","838023","861114","Weight in kilograms","861114"
"Brunei Darussalam","2023","Wood; charcoal of nut or shell, whether or not agglomerated","Import","35580.914","43910","Weight in kilograms","43910"
"Bulgaria","2024","Wood; charcoal of nut or shell, whether or not agglomerated","Import","99566.24","58038","Weight in kilograms","58038"
"Bulgaria","2023","Wood; charcoal of nut or shell, whether or not agglomerated","Import","83253.054","67285","Weight in kilograms","67285"
"Bulgaria","2022","Wood; charcoal of nut or shell, whether or not agglomerated","Import","110001.836","63451","Weight in kilograms","63451"
"Burkina Faso","2024","Wood; charcoal of nut or shell, whether or not agglomerated","Import","13218.498","24809","Weight in kilograms","24809"
"Cambodia","2023","Wood; charcoal of nut or shell, whether or not agglomerated","Import","20.82","1.26","Weight in kilograms","1.26"
"Cambodia","2022","Wood; charcoal of nut or shell, whether or not agglomerated","Export","22554.85","39366","Weight in kilograms","39366"
"Cambodia","2022","Wood; charcoal of nut or shell, whether or not agglomerated","Import","11081.87","78050.87","Weight in kilograms","78050.87"
"Canada","2024","Wood; charcoal of nut or shell, whether or not agglomerated","Export","94.935","119.057","Weight in kilograms","119.057"
"Canada","2024","Wood; charcoal of nut or shell, whether or not agglomerated","Import","927099.668","5377824.505","Weight in kilograms","5377824.505"
"Canada","2023","Wood; charcoal of nut or shell, whether or not agglomerated","Import","1204968.948","725744.038","Weight in kilograms","725744.038"
"Canada","2022","Wood; charcoal of nut or shell, whether or not agglomerated","Import","1368977.339","1512274.975","Weight in kilograms","1512274.975"
"Chile","2024","Wood; charcoal of nut or shell, whether or not agglomerated","Import","67064.986","75543.777","Weight in kilograms","75543.777"
"Chile","2023","Wood; charcoal of nut or shell, whether or not agglomerated","Import","1048.06","43.777","Weight in kilograms","43.777"
"Chile","2022","Wood; charcoal of nut or shell, whether or not agglomerated","Import","24532.679","23403.55","Weight in kilograms","23403.55"
"China","2024","Wood; charcoal of nut or shell, whether or not agglomerated","Export","485153","659620","Weight in kilograms","659620"
"China","2024","Wood; charcoal of nut or shell, whether or not agglomerated","Import","70462827","159887870","Weight in kilograms","159887870"
"China","2023","Wood; charcoal of nut or shell, whether or not agglomerated","Import","71681929","154193792","Weight in kilograms","154193792"
"China","2023","Wood; charcoal of nut or shell, whether or not agglomerated","Export","410534","373469","Weight in kilograms","373469"
"China","2022","Wood; charcoal of nut or shell, whether or not agglomerated","Import","44964863","85659039","Weight in kilograms","85659039"
"China","2022","Wood; charcoal of nut or shell, whether or not agglomerated","Export","1785498","753603","Weight in kilograms","753603"
"China, Hong Kong SAR","2024","Wood; charcoal of nut or shell, whether or not agglomerated","Export","1537.706","1928.421","Weight in kilograms","1928.421"
"China, Hong Kong SAR","2024","Wood; charcoal of nut or shell, whether or not agglomerated","Import","3952.416","3565.855","Weight in kilograms","3565.855"
"China, Hong Kong SAR","2023","Wood; charcoal of nut or shell, whether or not agglomerated","Import","3723.953","3771.161","Weight in kilograms","3771.161"
"China, Hong Kong SAR","2022","Wood; charcoal of nut or shell, whether or not agglomerated","Export","28238.056","26992.082","Weight in kilograms","26992.082"
"China, Hong Kong SAR","2022","Wood; charcoal of nut or shell, whether or not agglomerated","Import","22155.632","24174.327","Weight in kilograms","24174.327"
"China, Macao SAR","2023","Wood; charcoal of nut or shell, whether or not agglomerated","Import","3146.939","6650","Weight in kilograms","6650"
"Colombia","2023","Wood; charcoal of nut or shell, whether or not agglomerated","Import","32770.64","25340.67","Weight in kilograms","25340.67"
"Colombia","2022","Wood; charcoal of nut or shell, whether or not agglomerated","Import","185.11","356.69","Weight in kilograms","356.69"
"Costa Rica","2023","Wood; charcoal of nut or shell, whether or not agglomerated","Import","598.25","18.28","Weight in kilograms","18.28"
"Costa Rica","2022","Wood; charcoal of nut or shell, whether or not agglomerated","Import","3.17","2.47","Weight in kilograms","2.47"
"Côte d'Ivoire","2023","Wood; charcoal of nut or shell, whether or not agglomerated","Export","8683.954","50013","Weight in kilograms","50013"
"Croatia","2024","Wood; charcoal of nut or shell, whether or not agglomerated","Import","8461","1820","Weight in kilograms","1820"
"Croatia","2024","Wood; charcoal of nut or shell, whether or not agglomerated","Export","9861","7624.81","Weight in kilograms","7624.81"
"Croatia","2023","Wood; charcoal of nut or shell, whether or not agglomerated","Import","16487","3601","Weight in kilograms","3601"
"Croatia","2022","Wood; charcoal of nut or shell, whether or not agglomerated","Import","829","780","Weight in kilograms","780"
"Cyprus","2024","Wood; charcoal of nut or shell, whether or not agglomerated","Import","59514.69","42917","Weight in kilograms","42917"
"Cyprus","2023","Wood; charcoal of nut or shell, whether or not agglomerated","Import","57068.276","44970","Weight in kilograms","44970"
"Cyprus","2022","Wood; charcoal of nut or shell, whether or not agglomerated","Import","77763.429","199840","Weight in kilograms","199840"
"Czech Rep.","2024","Wood; charcoal of nut or shell, whether or not agglomerated","Import","177261","120863.091","Weight in kilograms","120863.091"
"Czech Rep.","2024","Wood; charcoal of nut or shell, whether or not agglomerated","Export","14541","4758","Weight in kilograms","4758"
"Czech Rep.","2023","Wood; charcoal of nut or shell, whether or not agglomerated","Export","27066","8376.902","Weight in kilograms","8376.902"
"Czech Rep.","2023","Wood; charcoal of nut or shell, whether or not agglomerated","Import","216166","112577.101","Weight in kilograms","112577.101"
"Czech Rep.","2022","Wood; charcoal of nut or shell, whether or not agglomerated","Import","277910","296050.159","Weight in kilograms","296050.159"
"Czech Rep.","2022","Wood; charcoal of nut or shell, whether or not agglomerated","Export","16599","4086.139","Weight in kilograms","4086.139"
"Denmark","2024","Wood; charcoal of nut or shell, whether or not agglomerated","Export","2676502.658","3138844","Weight in kilograms","3138844"
"Denmark","2024","Wood; charcoal of nut or shell, whether or not agglomerated","Import","2112699.417","3529903","Weight in kilograms","3529903"
"Denmark","2023","Wood; charcoal of nut or shell, whether or not agglomerated","Export","2177245.993","2099137","Weight in kilograms","2099137"
"Denmark","2023","Wood; charcoal of nut or shell, whether or not agglomerated","Import","415984.992","525654","Weight in kilograms","525654"
"Denmark","2022","Wood; charcoal of nut or shell, whether or not agglomerated","Export","91383.885","98525","Weight in kilograms","98525"
"Denmark","2022","Wood; charcoal of nut or shell, whether or not agglomerated","Import","149622.006","192786","Weight in kilograms","192786"
"Estonia","2024","Wood; charcoal of nut or shell, whether or not agglomerated","Import","57367.54","42574.86","Weight in kilograms","42574.86"
"Estonia","2024","Wood; charcoal of nut or shell, whether or not agglomerated","Export","843.97","129.1","Weight in kilograms","129.1"
"Estonia","2023","Wood; charcoal of nut or shell, whether or not agglomerated","Import","44320.04","29888.6","Weight in kilograms","29888.6"
"Estonia","2023","Wood; charcoal of nut or shell, whether or not agglomerated","Export","116.64","19.65","Weight in kilograms","19.65"
"Estonia","2022","Wood; charcoal of nut or shell, whether or not agglomerated","Export","840.36","359.27","Weight in kilograms","359.27"
"Estonia","2022","Wood; charcoal of nut or shell, whether or not agglomerated","Import","407267.78","459141.27","Weight in kilograms","459141.27"
"EU-28","2024","Wood; charcoal of nut or shell, whether or not agglomerated","Export","959559.1","570478.435","Weight in kilograms","570478.435"
"EU-28","2024","Wood; charcoal of nut or shell, whether or not agglomerated","Import","16149054.027","16470918.148","Weight in kilograms","16470918.148"
"EU-28","2023","Wood; charcoal of nut or shell, whether or not agglomerated","Export","1363730.902","857219.429","Weight in kilograms","857219.429"
"EU-28","2023","Wood; charcoal of nut or shell, whether or not agglomerated","Import","12854217.453","12393298.956","Weight in kilograms","12393298.956"
"EU-28","2022","Wood; charcoal of nut or shell, whether or not agglomerated","Export","2001532.69","1934113.545","Weight in kilograms","1934113.545"
"EU-28","2022","Wood; charcoal of nut or shell, whether or not agglomerated","Import","12951332.424","11177296.686","Weight in kilograms","11177296.686"
"Fiji","2024","Wood; charcoal of nut or shell, whether or not agglomerated","Export","165.322","107","Weight in kilograms","107"
"Fiji","2023","Wood; charcoal of nut or shell, whether or not agglomerated","Import","4574.412","936","Weight in kilograms","936"
"Fiji","2023","Wood; charcoal of nut or shell, whether or not agglomerated","Export","111.994","5","Weight in kilograms","5"
"Finland","2024","Wood; charcoal of nut or shell, whether or not agglomerated","Import","256153.995","206393","Weight in kilograms","206393"
"Finland","2023","Wood; charcoal of nut or shell, whether or not agglomerated","Import","80422.597","115133","Weight in kilograms","115133"
"Finland","2022","Wood; charcoal of nut or shell, whether or not agglomerated","Import","56219.107","88581","Weight in kilograms","88581"
"France","2024","Wood; charcoal of nut or shell, whether or not agglomerated","Export","312730.022","180983.188","Weight in kilograms","180983.188"
"France","2024","Wood; charcoal of nut or shell, whether or not agglomerated","Import","826596.639","482909.671","Weight in kilograms","482909.671"
"France","2023","Wood; charcoal of nut or shell, whether or not agglomerated","Export","350132.079","285608.702","Weight in kilograms","285608.702"
"France","2023","Wood; charcoal of nut or shell, whether or not agglomerated","Import","775673.995","443235.365","Weight in kilograms","443235.365"
"France","2022","Wood; charcoal of nut or shell, whether or not agglomerated","Export","271354.836","948894","Weight in kilograms","948894"
"France","2022","Wood; charcoal of nut or shell, whether or not agglomerated","Import","1027987.126","710808.07","Weight in kilograms","710808.07"
"Germany","2024","Wood; charcoal of nut or shell, whether or not agglomerated","Import","3925960.615","3310228.553","Weight in kilograms","3310228.553"
"Germany","2024","Wood; charcoal of nut or shell, whether or not agglomerated","Export","1719070.2","863944","Weight in kilograms","863944"
"Germany","2023","Wood; charcoal of nut or shell, whether or not agglomerated","Export","2207135.246","1105368","Weight in kilograms","1105368"
"Germany","2023","Wood; charcoal of nut or shell, whether or not agglomerated","Import","4296850.125","3257157.212","Weight in kilograms","3257157.212"
"Germany","2022","Wood; charcoal of nut or shell, whether or not agglomerated","Import","3502656.671","2347316.741","Weight in kilograms","2347316.741"
"Germany","2022","Wood; charcoal of nut or shell, whether or not agglomerated","Export","1688672.995","1073653.843","Weight in kilograms","1073653.843"
"Greece","2024","Wood; charcoal of nut or shell, whether or not agglomerated","Export","846.422","189","Weight in kilograms","189"
"Greece","2024","Wood; charcoal of nut or shell, whether or not agglomerated","Import","139916.075","95380","Weight in kilograms","95380"
"Greece","2023","Wood; charcoal of nut or shell, whether or not agglomerated","Import","214006.848","252943","Weight in kilograms","252943"
"Greece","2022","Wood; charcoal of nut or shell, whether or not agglomerated","Export","7434.523","2030","Weight in kilograms","2030"
"Greece","2022","Wood; charcoal of nut or shell, whether or not agglomerated","Import","269640.473","471588","Weight in kilograms","471588"
"Guatemala","2022","Wood; charcoal of nut or shell, whether or not agglomerated","Import","70","59.85","Weight in kilograms","59.85"
"Honduras","2023","Wood; charcoal of nut or shell, whether or not agglomerated","Import","103.5","4.93","Weight in kilograms","4.93"
"Hungary","2024","Wood; charcoal of nut or shell, whether or not agglomerated","Import","79638","79014","Weight in kilograms","79014"
"Hungary","2024","Wood; charcoal of nut or shell, whether or not agglomerated","Export","269981","273876","Weight in kilograms","273876"
"Hungary","2023","Wood; charcoal of nut or shell, whether or not agglomerated","Export","316","274","Weight in kilograms","274"
"Hungary","2023","Wood; charcoal of nut or shell, whether or not agglomerated","Import","247047","236449","Weight in kilograms","236449"
"Hungary","2022","Wood; charcoal of nut or shell, whether or not agglomerated","Export","695","667","Weight in kilograms","667"
"Hungary","2022","Wood; charcoal of nut or shell, whether or not agglomerated","Import","558250","1035019.8","Weight in kilograms","1035021"
"Iceland","2024","Wood; charcoal of nut or shell, whether or not agglomerated","Import","66.013","3.776","Weight in kilograms","3.776"
"Iceland","2023","Wood; charcoal of nut or shell, whether or not agglomerated","Import","496.444","25.19","Weight in kilograms","25.19"
"Iceland","2022","Wood; charcoal of nut or shell, whether or not agglomerated","Import","1281.875","389.874","Weight in kilograms","389.874"
"India","2024","Wood; charcoal of nut or shell, whether or not agglomerated","Export","7692267.392","171263684.329","Weight in kilograms","171263684.329"
"India","2024","Wood; charcoal of nut or shell, whether or not agglomerated","Import","2844309.312","116758381.852","Weight in kilograms","116758381.852"
"India","2023","Wood; charcoal of nut or shell, whether or not agglomerated","Import","2204019.328","2611058.483","Weight in kilograms","2611058.483"
"India","2023","Wood; charcoal of nut or shell, whether or not agglomerated","Export","6358457.297","55356586.34","Weight in kilograms","55356586.34"
"India","2022","Wood; charcoal of nut or shell, whether or not agglomerated","Import","4807568.031","34757802.855","Weight in kilograms","34757802.855"
"India","2022","Wood; charcoal of nut or shell, whether or not agglomerated","Export","7383593.484","11435903.065","Weight in kilograms","11435903.065"
"Indonesia","2023","Wood; charcoal of nut or shell, whether or not agglomerated","Import","79367","148247","Weight in kilograms","148247"
"Indonesia","2023","Wood; charcoal of nut or shell, whether or not agglomerated","Export","207796288.491","245495546.82","Weight in kilograms","245495546.82"
"Indonesia","2022","Wood; charcoal of nut or shell, whether or not agglomerated","Import","95810","134596","Weight in kilograms","134596"
"Indonesia","2022","Wood; charcoal of nut or shell, whether or not agglomerated","Export","177091642","170968756.475","Weight in kilograms","170968756.475"
"Iran","2022","Wood; charcoal of nut or shell, whether or not agglomerated","Export","7365","21390","Weight in kilograms","21390"
"Ireland","2024","Wood; charcoal of nut or shell, whether or not agglomerated","Import","127226.246","115759","Weight in kilograms","115759"
"Ireland","2024","Wood; charcoal of nut or shell, whether or not agglomerated","Export","12539.378","34327.705","Weight in kilograms","34327.705"
"Ireland","2023","Wood; charcoal of nut or shell, whether or not agglomerated","Export","1745.168","985","Weight in kilograms","985"
"Ireland","2023","Wood; charcoal of nut or shell, whether or not agglomerated","Import","13558.027","9115","Weight in kilograms","9115"
"Ireland","2022","Wood; charcoal of nut or shell, whether or not agglomerated","Export","6797.429","7400","Weight in kilograms","7400"
"Ireland","2022","Wood; charcoal of nut or shell, whether or not agglomerated","Import","262330.209","112732.453","Weight in kilograms","112732.453"
"Israel","2024","Wood; charcoal of nut or shell, whether or not agglomerated","Import","481000","433956.403","Weight in kilograms","433956.403"
"Israel","2023","Wood; charcoal of nut or shell, whether or not agglomerated","Import","283000","286587.555","Weight in kilograms","286587.555"
"Israel","2022","Wood; charcoal of nut or shell, whether or not agglomerated","Import","394000","429899.026","Weight in kilograms","429899.026"
"Italy","2024","Wood; charcoal of nut or shell, whether or not agglomerated","Export","7396.988","713","Weight in kilograms","713"
"Italy","2024","Wood; charcoal of nut or shell, whether or not agglomerated","Import","718300.145","762949","Weight in kilograms","762949"
"Italy","2023","Wood; charcoal of nut or shell, whether or not agglomerated","Export","6159.987","5497","Weight in kilograms","5497"
"Italy","2023","Wood; charcoal of nut or shell, whether or not agglomerated","Import","97877.517","92308","Weight in kilograms","92308"
"Italy","2022","Wood; charcoal of nut or shell, whether or not agglomerated","Export","5192.583","","No Quantity",""
"Italy","2022","Wood; charcoal of nut or shell, whether or not agglomerated","Import","284428.435","329029","Weight in kilograms","329029"
"Jamaica","2023","Wood; charcoal of nut or shell, whether or not agglomerated","Import","819.49","47","Weight in kilograms","47"
"Jamaica","2022","Wood; charcoal of nut or shell, whether or not agglomerated","Import","117.48","29","Weight in kilograms","29"
"Japan","2024","Wood; charcoal of nut or shell, whether or not agglomerated","Export","21794.811","10000","Weight in kilograms","10000"
"Japan","2024","Wood; charcoal of nut or shell, whether or not agglomerated","Import","19826512.518","24705483.969","Weight in kilograms","24705483.969"
"Japan","2023","Wood; charcoal of nut or shell, whether or not agglomerated","Export","48501.234","20654.744","Weight in kilograms","20654.744"
"Japan","2023","Wood; charcoal of nut or shell, whether or not agglomerated","Import","21438328.536","25046000","Weight in kilograms","25046000"
"Japan","2022","Wood; charcoal of nut or shell, whether or not agglomerated","Export","51825.826","20657.775","Weight in kilograms","20657.775"
"Japan","2022","Wood; charcoal of nut or shell, whether or not agglomerated","Import","27456562.174","29498000","Weight in kilograms","29498000"
"Jordan","2023","Wood; charcoal of nut or shell, whether or not agglomerated","Import","408124.745","413298.491","Weight in kilograms","413298.491"
"Jordan","2022","Wood; charcoal of nut or shell, whether or not agglomerated","Export","1408.451","1346.304","Weight in kilograms","1346.304"
"Jordan","2022","Wood; charcoal of nut or shell, whether or not agglomerated","Import","144209.859","157349.436","Weight in kilograms","157349.436"
"Kazakhstan","2023","Wood; charcoal of nut or shell, whether or not agglomerated","Export","1934.03","34140","Weight in kilograms","34140"
"Kazakhstan","2023","Wood; charcoal of nut or shell, whether or not agglomerated","Import","37673.56","118664","Weight in kilograms","118664"
"Kazakhstan","2022","Wood; charcoal of nut or shell, whether or not agglomerated","Export","28892.84","83800","Weight in kilograms","83800"
"Kazakhstan","2022","Wood; charcoal of nut or shell, whether or not agglomerated","Import","84672.18","192927.48","Weight in kilograms","192927.48"
"Kenya","2023","Wood; charcoal of nut or shell, whether or not agglomerated","Import","18694.292","16392","Weight in kilograms","16392"
"Kuwait","2023","Wood; charcoal of nut or shell, whether or not agglomerated","Import","289545.97","293216.508","Weight in kilograms","293216.508"
"Kuwait","2022","Wood; charcoal of nut or shell, whether or not agglomerated","Import","560525.956","611597.874","Weight in kilograms","611597.874"
"Kyrgyzstan","2024","Wood; charcoal of nut or shell, whether or not agglomerated","Import","29805","82800","Weight in kilograms","82800"
"Kyrgyzstan","2023","Wood; charcoal of nut or shell, whether or not agglomerated","Import","57902","38285.951","Weight in kilograms","38285.951"
"Lao People's Dem. Rep.","2023","Wood; charcoal of nut or shell, whether or not agglomerated","Import","180","1000","Weight in kilograms","1000"
"Lao People's Dem. Rep.","2023","Wood; charcoal of nut or shell, whether or not agglomerated","Export","2910","21300","Weight in kilograms","21300"
"Latvia","2024","Wood; charcoal of nut or shell, whether or not agglomerated","Export","102226.505","75278","Weight in kilograms","75278"
"Latvia","2024","Wood; charcoal of nut or shell, whether or not agglomerated","Import","28538.043","31026","Weight in kilograms","31026"
"Latvia","2023","Wood; charcoal of nut or shell, whether or not agglomerated","Import","51628.414","47932","Weight in kilograms","47932"
"Latvia","2023","Wood; charcoal of nut or shell, whether or not agglomerated","Export","163602.43","142054","Weight in kilograms","142054"
"Latvia","2022","Wood; charcoal of nut or shell, whether or not agglomerated","Export","2069068.911","2325820","Weight in kilograms","2325820"
"Latvia","2022","Wood; charcoal of nut or shell, whether or not agglomerated","Import","62047.731","70286","Weight in kilograms","70286"
"Liberia","2023","Wood; charcoal of nut or shell, whether or not agglomerated","Import","833.61","740","Weight in kilograms","740"
"Lithuania","2024","Wood; charcoal of nut or shell, whether or not agglomerated","Export","23381","10815.09","Weight in kilograms","10815.09"
"Lithuania","2024","Wood; charcoal of nut or shell, whether or not agglomerated","Import","147066","117480","Weight in kilograms","117480"
"Lithuania","2023","Wood; charcoal of nut or shell, whether or not agglomerated","Export","29882","14149.4","Weight in kilograms","14149.4"
"Lithuania","2023","Wood; charcoal of nut or shell, whether or not agglomerated","Import","155015","120695","Weight in kilograms","120695"
"Lithuania","2022","Wood; charcoal of nut or shell, whether or not agglomerated","Import","238792","123158","Weight in kilograms","123158"
"Lithuania","2022","Wood; charcoal of nut or shell, whether or not agglomerated","Export","143154","60310","Weight in kilograms","60310"
"Luxembourg","2024","Wood; charcoal of nut or shell, whether or not agglomerated","Export","9929.044","2560","Weight in kilograms","2560"
"Luxembourg","2024","Wood; charcoal of nut or shell, whether or not agglomerated","Import","28509.598","13442.58","Weight in kilograms","13442.58"
"Luxembourg","2023","Wood; charcoal of nut or shell, whether or not agglomerated","Export","5223.825","1365","Weight in kilograms","1365"
"Luxembourg","2023","Wood; charcoal of nut or shell, whether or not agglomerated","Import","47569.786","19004.743","Weight in kilograms","19004.743"
"Luxembourg","2022","Wood; charcoal of nut or shell, whether or not agglomerated","Re-Export","18.176","16.28","Weight in kilograms","16.28"
"Luxembourg","2022","Wood; charcoal of nut or shell, whether or not agglomerated","Export","385.258","34.28","Weight in kilograms","34.28"
"Luxembourg","2022","Wood; charcoal of nut or shell, whether or not agglomerated","Import","218719.791","195168.361","Weight in kilograms","195168.361"
"Malaysia","2024","Wood; charcoal of nut or shell, whether or not agglomerated","Export","2637602.504","4816478.17","Weight in kilograms","4816478.17"
"Malaysia","2024","Wood; charcoal of nut or shell, whether or not agglomerated","Import","6975662.213","21446677.2","Weight in kilograms","21446677.2"
"Malaysia","2023","Wood; charcoal of nut or shell, whether or not agglomerated","Export","2268993.875","6098495.64","Weight in kilograms","6098495.64"
"Malaysia","2023","Wood; charcoal of nut or shell, whether or not agglomerated","Import","5563142.074","17971487.5","Weight in kilograms","17971487.5"
"Malaysia","2022","Wood; charcoal of nut or shell, whether or not agglomerated","Export","958455.293","1981049","Weight in kilograms","1981049"
"Malaysia","2022","Wood; charcoal of nut or shell, whether or not agglomerated","Import","4267091.991","9847136","Weight in kilograms","9847136"
"Maldives","2024","Wood; charcoal of nut or shell, whether or not agglomerated","Import","135187.232","213081","Weight in kilograms","213081"
"Maldives","2023","Wood; charcoal of nut or shell, whether or not agglomerated","Import","135337.672","209055","Weight in kilograms","209055"
"Maldives","2022","Wood; charcoal of nut or shell, whether or not agglomerated","Import","99191.791","139921","Weight in kilograms","139921"
"Malta","2024","Wood; charcoal of nut or shell, whether or not agglomerated","Import","34964.136","44410","Weight in kilograms","44410"
"Malta","2023","Wood; charcoal of nut or shell, whether or not agglomerated","Import","20466.252","23262","Weight in kilograms","23262"
"Malta","2022","Wood; charcoal of nut or shell, whether or not agglomerated","Import","159.01","5","Weight in kilograms","5"
"Mauritius","2024","Wood; charcoal of nut or shell, whether or not agglomerated","Import","427.002","47","Weight in kilograms","47"
"Mexico","2023","Wood; charcoal of nut or shell, whether or not agglomerated","Export","16972","35384","Weight in kilograms","35384"
"Montenegro","2024","Wood; charcoal of nut or shell, whether or not agglomerated","Import","1148.677","789.5","Weight in kilograms","789.5"
"Montenegro","2023","Wood; charcoal of nut or shell, whether or not agglomerated","Import","1059.543","25","Weight in kilograms","25"
"Morocco","2023","Wood; charcoal of nut or shell, whether or not agglomerated","Import","687249.395","320746","Weight in kilograms","320746"
"Morocco","2023","Wood; charcoal of nut or shell, whether or not agglomerated","Export","41.85","15","Weight in kilograms","15"
"Morocco","2022","Wood; charcoal of nut or shell, whether or not agglomerated","Import","737111.343","263680","Weight in kilograms","263680"
"Myanmar","2024","Wood; charcoal of nut or shell, whether or not agglomerated","Import","575","230","Weight in kilograms","230"
"Namibia","2024","Wood; charcoal of nut or shell, whether or not agglomerated","Export","35158.828","1008864.57","Weight in kilograms","1008864.57"
"Namibia","2024","Wood; charcoal of nut or shell, whether or not agglomerated","Import","1252.185","293.74","Weight in kilograms","293.74"
"Namibia","2023","Wood; charcoal of nut or shell, whether or not agglomerated","Export","29.057","52.15","Weight in kilograms","52.15"
"Namibia","2023","Wood; charcoal of nut or shell, whether or not agglomerated","Import","35.879","2","Weight in kilograms","2"
"Namibia","2022","Wood; charcoal of nut or shell, whether or not agglomerated","Export","3301.569","34000","Weight in kilograms","34000"
"Namibia","2022","Wood; charcoal of nut or shell, whether or not agglomerated","Import","18.831","1","Weight in kilograms","1"
"Netherlands","2024","Wood; charcoal of nut or shell, whether or not agglomerated","Export","768583.211","586335","Weight in kilograms","586335"
"Netherlands","2024","Wood; charcoal of nut or shell, whether or not agglomerated","Import","3326459.302","4132750","Weight in kilograms","4132750"
"Netherlands","2023","Wood; charcoal of nut or shell, whether or not agglomerated","Export","1065326.395","683312","Weight in kilograms","683312"
"Netherlands","2023","Wood; charcoal of nut or shell, whether or not agglomerated","Import","1241835.929","1086566.784","Weight in kilograms","1086566.784"
"Netherlands","2022","Wood; charcoal of nut or shell, whether or not agglomerated","Export","1135268.561","979728","Weight in kilograms","979728"
"Netherlands","2022","Wood; charcoal of nut or shell, whether or not agglomerated","Import","453628.077","460067","Weight in kilograms","460067"
"New Zealand","2024","Wood; charcoal of nut or shell, whether or not agglomerated","Import","547762.769","748674","Weight in kilograms","748674"
"New Zealand","2023","Wood; charcoal of nut or shell, whether or not agglomerated","Re-Export","13986.449","8300","Weight in kilograms","8300"
"New Zealand","2023","Wood; charcoal of nut or shell, whether or not agglomerated","Export","13986.449","8300","Weight in kilograms","8300"
"New Zealand","2023","Wood; charcoal of nut or shell, whether or not agglomerated","Import","159906.452","222162","Weight in kilograms","222162"
"New Zealand","2022","Wood; charcoal of nut or shell, whether or not agglomerated","Import","693543.966","749033","Weight in kilograms","749033"
"New Zealand","2022","Wood; charcoal of nut or shell, whether or not agglomerated","Export","940.284","300","Weight in kilograms","300"
"Niger","2023","Wood; charcoal of nut or shell, whether or not agglomerated","Import","49.682","30","Weight in kilograms","30"
"Nigeria","2024","Wood; charcoal of nut or shell, whether or not agglomerated","Import","63229.847","48130.36","Weight in kilograms","48130.36"
"Nigeria","2023","Wood; charcoal of nut or shell, whether or not agglomerated","Import","90662.293","26430","Weight in kilograms","26430"
"Norway","2024","Wood; charcoal of nut or shell, whether or not agglomerated","Import","128336.34","51480","Weight in kilograms","51480"
"Norway","2024","Wood; charcoal of nut or shell, whether or not agglomerated","Export","67992.582","59400","Weight in kilograms","59400"
"Norway","2023","Wood; charcoal of nut or shell, whether or not agglomerated","Import","43005.951","21615","Weight in kilograms","21615"
"Norway","2023","Wood; charcoal of nut or shell, whether or not agglomerated","Export","77982.318","38439","Weight in kilograms","38439"
"Norway","2022","Wood; charcoal of nut or shell, whether or not agglomerated","Import","298750.886","119221","Weight in kilograms","119221"
"Oman","2023","Wood; charcoal of nut or shell, whether or not agglomerated","Re-Export","5498.049","5746.893","Weight in kilograms","5746.893"
"Oman","2023","Wood; charcoal of nut or shell, whether or not agglomerated","Export","5498.049","5746.893","Weight in kilograms","5746.893"
"Oman","2023","Wood; charcoal of nut or shell, whether or not agglomerated","Import","421651.495","426996.718","Weight in kilograms","426996.718"
"Oman","2022","Wood; charcoal of nut or shell, whether or not agglomerated","Re-Export","205401.82","196338.678","Weight in kilograms","196338.678"
"Oman","2022","Wood; charcoal of nut or shell, whether or not agglomerated","Export","225167.75","215232.457","Weight in kilograms","215232.457"
"Oman","2022","Wood; charcoal of nut or shell, whether or not agglomerated","Import","76304.291","83256.702","Weight in kilograms","83256.702"
"Other Asia, nes","2023","Wood; charcoal of nut or shell, whether or not agglomerated","Import","52353.198","125380","Weight in kilograms","125380"
"Pakistan","2024","Wood; charcoal of nut or shell, whether or not agglomerated","Export","34913.153","355","Weight in kilograms","355"
"Pakistan","2023","Wood; charcoal of nut or shell, whether or not agglomerated","Import","30.358","1","Weight in kilograms","1"
"Pakistan","2023","Wood; charcoal of nut or shell, whether or not agglomerated","Export","59.442","30","Weight in kilograms","30"
"Panama","2024","Wood; charcoal of nut or shell, whether or not agglomerated","Import","12507","9600","Weight in kilograms","9600"
"Panama","2023","Wood; charcoal of nut or shell, whether or not agglomerated","Import","7672","3300","Weight in kilograms","3300"
"Paraguay","2022","Wood; charcoal of nut or shell, whether or not agglomerated","Export","58800","50400","Weight in kilograms","50400"
"Philippines","2024","Wood; charcoal of nut or shell, whether or not agglomerated","Export","81296417","151917590","Weight in kilograms","151917590"
"Philippines","2024","Wood; charcoal of nut or shell, whether or not agglomerated","Import","19076","128512","Weight in kilograms","128512"
"Poland","2024","Wood; charcoal of nut or shell, whether or not agglomerated","Export","348141","224738","Weight in kilograms","224738"
"Poland","2024","Wood; charcoal of nut or shell, whether or not agglomerated","Import","405022","449481","Weight in kilograms","449481"
"Poland","2023","Wood; charcoal of nut or shell, whether or not agglomerated","Export","208190","110835","Weight in kilograms","110835"
"Poland","2023","Wood; charcoal of nut or shell, whether or not agglomerated","Import","694217","598923.705","Weight in kilograms","598923.705"
"Poland","2022","Wood; charcoal of nut or shell, whether or not agglomerated","Export","172637","57157","Weight in kilograms","57157"
"Poland","2022","Wood; charcoal of nut or shell, whether or not agglomerated","Import","113094","410547.014","Weight in kilograms","410547.014"
"Portugal","2024","Wood; charcoal of nut or shell, whether or not agglomerated","Import","250650.652","129611","Weight in kilograms","129611"
"Portugal","2024","Wood; charcoal of nut or shell, whether or not agglomerated","Export","166220.22","293096","Weight in kilograms","293096"
"Portugal","2023","Wood; charcoal of nut or shell, whether or not agglomerated","Export","621384.532","1335866","Weight in kilograms","1335866"
"Portugal","2023","Wood; charcoal of nut or shell, whether or not agglomerated","Import","1746076.9","6173119.057","Weight in kilograms","6173119.057"
"Portugal","2022","Wood; charcoal of nut or shell, whether or not agglomerated","Export","1166161.849","2566223","Weight in kilograms","2566223"
"Portugal","2022","Wood; charcoal of nut or shell, whether or not agglomerated","Import","864410.764","2125136","Weight in kilograms","2125136"
"Qatar","2023","Wood; charcoal of nut or shell, whether or not agglomerated","Import","196573.623","199065.562","Weight in kilograms","199065.562"
"Rep. of Korea","2024","Wood; charcoal of nut or shell, whether or not agglomerated","Export","4075","2000","Weight in kilograms","2000"
"Rep. of Korea","2024","Wood; charcoal of nut or shell, whether or not agglomerated","Import","1879919","3545997.322","Weight in kilograms","3545997.322"
"Rep. of Korea","2023","Wood; charcoal of nut or shell, whether or not agglomerated","Import","2687950","5252932.695","Weight in kilograms","5252932.695"
"Rep. of Korea","2022","Wood; charcoal of nut or shell, whether or not agglomerated","Export","17450","21600","Weight in kilograms","21600"
"Rep. of Korea","2022","Wood; charcoal of nut or shell, whether or not agglomerated","Import","2380404","4882092.13","Weight in kilograms","4882092.13"
"Rep. of Moldova","2024","Wood; charcoal of nut or shell, whether or not agglomerated","Import","46104","20078","Weight in kilograms","20078"
"Rep. of Moldova","2024","Wood; charcoal of nut or shell, whether or not agglomerated","Export","2473","800","Weight in kilograms","800"
"Rep. of Moldova","2023","Wood; charcoal of nut or shell, whether or not agglomerated","Import","36148","14430","Weight in kilograms","14430"
"Romania","2024","Wood; charcoal of nut or shell, whether or not agglomerated","Import","144526.91","112718.335","Weight in kilograms","112718.335"
"Romania","2024","Wood; charcoal of nut or shell, whether or not agglomerated","Export","5921.92","4828.09","Weight in kilograms","4828.09"
"Romania","2023","Wood; charcoal of nut or shell, whether or not agglomerated","Export","16.26","2","Weight in kilograms","2"
"Romania","2023","Wood; charcoal of nut or shell, whether or not agglomerated","Import","64284.63","79695.553","Weight in kilograms","79695.553"
"Romania","2022","Wood; charcoal of nut or shell, whether or not agglomerated","Import","460449.22","571772.534","Weight in kilograms","571772.534"
"Romania","2022","Wood; charcoal of nut or shell, whether or not agglomerated","Export","580045.54","920755.317","Weight in kilograms","920755.317"
"Saudi Arabia","2023","Wood; charcoal of nut or shell, whether or not agglomerated","Import","5627946.793","5699291.566","Weight in kilograms","5699291.566"
"Saudi Arabia","2022","Wood; charcoal of nut or shell, whether or not agglomerated","Import","1418457.565","1246066","Weight in kilograms","1246066"
"Serbia","2022","Wood; charcoal of nut or shell, whether or not agglomerated","Import","26835","143505","Weight in kilograms","143505"
"Singapore","2023","Wood; charcoal of nut or shell, whether or not agglomerated","Export","77405.292","131640","Weight in kilograms","131640"
"Singapore","2023","Wood; charcoal of nut or shell, whether or not agglomerated","Import","146613.397","196454.76","Weight in kilograms","196454.76"
"Singapore","2022","Wood; charcoal of nut or shell, whether or not agglomerated","Export","59683.752","89970","Weight in kilograms","89970"
"Singapore","2022","Wood; charcoal of nut or shell, whether or not agglomerated","Import","269198.5","417640","Weight in kilograms","417640"
"Slovakia","2024","Wood; charcoal of nut or shell, whether or not agglomerated","Export","246.251","111","Weight in kilograms","111"
"Slovakia","2024","Wood; charcoal of nut or shell, whether or not agglomerated","Import","66149.205","48316","Weight in kilograms","48316"
"Slovakia","2023","Wood; charcoal of nut or shell, whether or not agglomerated","Import","109806.072","62852","Weight in kilograms","62852"
"Slovakia","2023","Wood; charcoal of nut or shell, whether or not agglomerated","Export","817.439","368","Weight in kilograms","368"
"Slovakia","2022","Wood; charcoal of nut or shell, whether or not agglomerated","Import","106470.588","70501.697","Weight in kilograms","70501.697"
"Slovakia","2022","Wood; charcoal of nut or shell, whether or not agglomerated","Export","1638.544","695","Weight in kilograms","695"
"Slovenia","2024","Wood; charcoal of nut or shell, whether or not agglomerated","Import","10.209","0.709","Weight in kilograms","0.709"
"Slovenia","2024","Wood; charcoal of nut or shell, whether or not agglomerated","Export","8248.948","3162.731","Weight in kilograms","3162.731"
"Slovenia","2023","Wood; charcoal of nut or shell, whether or not agglomerated","Import","386.181","17","Weight in kilograms","17"
"Slovenia","2023","Wood; charcoal of nut or shell, whether or not agglomerated","Export","3261.227","923.241","Weight in kilograms","923.241"
"Slovenia","2022","Wood; charcoal of nut or shell, whether or not agglomerated","Export","848.97","351.969","Weight in kilograms","351.969"
"Slovenia","2022","Wood; charcoal of nut or shell, whether or not agglomerated","Import","10860.799","4913.581","Weight in kilograms","4913.581"
"South Africa","2024","Wood; charcoal of nut or shell, whether or not agglomerated","Import","128044.323","","Weight in kilograms","115521.11"
"South Africa","2024","Wood; charcoal of nut or shell, whether or not agglomerated","Export","12218.097","15322.592","Weight in kilograms","15322.592"
"South Africa","2023","Wood; charcoal of nut or shell, whether or not agglomerated","Import","235254.448","524938.48","Weight in kilograms","524938.48"
"South Africa","2023","Wood; charcoal of nut or shell, whether or not agglomerated","Export","74544.975","263458.4","Weight in kilograms","263458.4"
"South Africa","2022","Wood; charcoal of nut or shell, whether or not agglomerated","Export","34714.238","59598.11","Weight in kilograms","59598.11"
"South Africa","2022","Wood; charcoal of nut or shell, whether or not agglomerated","Import","51268.556","210037.89","Weight in kilograms","210037.89"
"Spain","2024","Wood; charcoal of nut or shell, whether or not agglomerated","Import","841927.104","685059.5","Weight in kilograms","685059.5"
"Spain","2024","Wood; charcoal of nut or shell, whether or not agglomerated","Export","48288.322","103397.715","Weight in kilograms","103397.715"
"Spain","2023","Wood; charcoal of nut or shell, whether or not agglomerated","Import","456633.243","355140.44","Weight in kilograms","355140.44"
"Spain","2023","Wood; charcoal of nut or shell, whether or not agglomerated","Export","2246384.994","11015727.5","Weight in kilograms","11015727.5"
"Spain","2022","Wood; charcoal of nut or shell, whether or not agglomerated","Export","4765205.188","40480298","Weight in kilograms","40480298"
"Spain","2022","Wood; charcoal of nut or shell, whether or not agglomerated","Import","539061.933","320214.713","Weight in kilograms","320214.713"
"Sri Lanka","2024","Wood; charcoal of nut or shell, whether or not agglomerated","Import","11103204.349","19260520","Weight in kilograms","19260520"
"Sri Lanka","2024","Wood; charcoal of nut or shell, whether or not agglomerated","Export","6428831.091","11084636","Weight in kilograms","11084636"
"Sri Lanka","2023","Wood; charcoal of nut or shell, whether or not agglomerated","Export","4990667.552","9909605","Weight in kilograms","9909605"
"Sri Lanka","2023","Wood; charcoal of nut or shell, whether or not agglomerated","Import","4988878.238","9798814","Weight in kilograms","9798814"
"Swaziland","2023","Wood; charcoal of nut or shell, whether or not agglomerated","Import","612.06","1270","Weight in kilograms","1270"
"Swaziland","2022","Wood; charcoal of nut or shell, whether or not agglomerated","Import","182.27","15005","Weight in kilograms","15005"
"Sweden","2024","Wood; charcoal of nut or shell, whether or not agglomerated","Export","491500.585","249103.075","Weight in kilograms","249103.075"
"Sweden","2024","Wood; charcoal of nut or shell, whether or not agglomerated","Import","1029653.035","1115871.464","Weight in kilograms","1115871.464"
"Sweden","2023","Wood; charcoal of nut or shell, whether or not agglomerated","Import","2638414.064","3781350.772","Weight in kilograms","3781350.772"
"Sweden","2023","Wood; charcoal of nut or shell, whether or not agglomerated","Export","284632.795","340112.62","Weight in kilograms","340112.62"
"Sweden","2022","Wood; charcoal of nut or shell, whether or not agglomerated","Export","1096769.236","734000","Weight in kilograms","734000"
"Sweden","2022","Wood; charcoal of nut or shell, whether or not agglomerated","Import","3538175.777","5449152.271","Weight in kilograms","5449152.271"
"Switzerland","2024","Wood; charcoal of nut or shell, whether or not agglomerated","Import","436004.311","249357.838","Weight in kilograms","249357.838"
"Switzerland","2024","Wood; charcoal of nut or shell, whether or not agglomerated","Export","2205.713","22451.99","Weight in kilograms","22451.99"
"Switzerland","2023","Wood; charcoal of nut or shell, whether or not agglomerated","Import","289386.532","141397.893","Weight in kilograms","141397.893"
"Switzerland","2023","Wood; charcoal of nut or shell, whether or not agglomerated","Export","1513.086","765","Weight in kilograms","765"
"Switzerland","2022","Wood; charcoal of nut or shell, whether or not agglomerated","Import","561016.34","254288","Weight in kilograms","254288"
"Switzerland","2022","Wood; charcoal of nut or shell, whether or not agglomerated","Export","2049.343","1964.238","Weight in kilograms","1964.238"
"Thailand","2024","Wood; charcoal of nut or shell, whether or not agglomerated","Import","823.06","92","Weight in kilograms","92"
"Thailand","2024","Wood; charcoal of nut or shell, whether or not agglomerated","Export","3313929.97","6066784","Weight in kilograms","6066784"
"Thailand","2023","Wood; charcoal of nut or shell, whether or not agglomerated","Export","3916445.975","6765501.367","Weight in kilograms","6765501.367"
"Thailand","2023","Wood; charcoal of nut or shell, whether or not agglomerated","Import","146335.033","100827","Weight in kilograms","100827"
"Thailand","2022","Wood; charcoal of nut or shell, whether or not agglomerated","Re-Export","144.406","276.05","Weight in kilograms","276.05"
"Thailand","2022","Wood; charcoal of nut or shell, whether or not agglomerated","Import","82632.816","60614.916","Weight in kilograms","60614.916"
"Thailand","2022","Wood; charcoal of nut or shell, whether or not agglomerated","Export","4990762.118","9540479.081","Weight in kilograms","9540479.081"
"Türkiye","2024","Wood; charcoal of nut or shell, whether or not agglomerated","Export","416405","458071","Weight in kilograms","458071"
"Türkiye","2024","Wood; charcoal of nut or shell, whether or not agglomerated","Import","2987829","2706080","Weight in kilograms","2706080"
"Türkiye","2023","Wood; charcoal of nut or shell, whether or not agglomerated","Import","3062954","3370426","Weight in kilograms","3370426"
"Türkiye","2023","Wood; charcoal of nut or shell, whether or not agglomerated","Export","440102","696808","Weight in kilograms","696808"
"Türkiye","2022","Wood; charcoal of nut or shell, whether or not agglomerated","Import","3118323","2898772","Weight in kilograms","2898772"
"Türkiye","2022","Wood; charcoal of nut or shell, whether or not agglomerated","Export","355702","490370","Weight in kilograms","490370"
"Uganda","2023","Wood; charcoal of nut or shell, whether or not agglomerated","Import","40","20","Weight in kilograms","20"
"Ukraine","2024","Wood; charcoal of nut or shell, whether or not agglomerated","Import","1155436.31","653618","Weight in kilograms","653618"
"Ukraine","2024","Wood; charcoal of nut or shell, whether or not agglomerated","Export","40052.27","27356.58","Weight in kilograms","27356.58"
"Ukraine","2023","Wood; charcoal of nut or shell, whether or not agglomerated","Import","676637.09","440011.596","Weight in kilograms","440011.596"
"Ukraine","2023","Wood; charcoal of nut or shell, whether or not agglomerated","Export","84527.79","86480.4","Weight in kilograms","86480.4"
"United Arab Emirates","2023","Wood; charcoal of nut or shell, whether or not agglomerated","Re-Export","299327.226","","No Quantity",""
"United Arab Emirates","2023","Wood; charcoal of nut or shell, whether or not agglomerated","Export","325932.928","","No Quantity",""
"United Arab Emirates","2023","Wood; charcoal of nut or shell, whether or not agglomerated","Import","1612957.109","2685888.7","Weight in kilograms","2685888.7"
"United Arab Emirates","2022","Wood; charcoal of nut or shell, whether or not agglomerated","Re-Export","123751.615","126032","Weight in kilograms","126032"
"United Arab Emirates","2022","Wood; charcoal of nut or shell, whether or not agglomerated","Export","135243.787","127096","Weight in kilograms","127096"
"United Arab Emirates","2022","Wood; charcoal of nut or shell, whether or not agglomerated","Import","461597.463","670716","Weight in kilograms","670716"
"United Kingdom","2024","Wood; charcoal of nut or shell, whether or not agglomerated","Import","1104540.909","","No Quantity",""
"United Kingdom","2024","Wood; charcoal of nut or shell, whether or not agglomerated","Export","48304.474","31053","Weight in kilograms","31053"
"United Kingdom","2023","Wood; charcoal of nut or shell, whether or not agglomerated","Export","157966.256","83654","Weight in kilograms","83654"
"United Kingdom","2023","Wood; charcoal of nut or shell, whether or not agglomerated","Import","754224.551","638762.751","Weight in kilograms","638762.751"
"United Kingdom","2022","Wood; charcoal of nut or shell, whether or not agglomerated","Export","32525.507","","No Quantity",""
"United Kingdom","2022","Wood; charcoal of nut or shell, whether or not agglomerated","Import","695143.357","442523","Weight in kilograms","442523"
"United Rep. of Tanzania","2023","Wood; charcoal of nut or shell, whether or not agglomerated","Import","371.61","112","Weight in kilograms","112"
"USA","2024","Wood; charcoal of nut or shell, whether or not agglomerated","Import","4409750","3132000","Weight in kilograms","3132000"
"USA","2024","Wood; charcoal of nut or shell, whether or not agglomerated","Re-Export","297260","308000","Weight in kilograms","308000"
"USA","2024","Wood; charcoal of nut or shell, whether or not agglomerated","Export","627154","820000","Weight in kilograms","820000"
"USA","2023","Wood; charcoal of nut or shell, whether or not agglomerated","Re-Export","242496","302000","Weight in kilograms","302000"
"USA","2023","Wood; charcoal of nut or shell, whether or not agglomerated","Export","1671807","885000","Weight in kilograms","885000"
"USA","2023","Wood; charcoal of nut or shell, whether or not agglomerated","Import","4128564","2764000","Weight in kilograms","2764000"
"USA","2022","Wood; charcoal of nut or shell, whether or not agglomerated","Import","4818987","2991000","Weight in kilograms","2991000"
"USA","2022","Wood; charcoal of nut or shell, whether or not agglomerated","Export","706691","700000","Weight in kilograms","700000"
"USA","2022","Wood; charcoal of nut or shell, whether or not agglomerated","Re-Export","336294","490000","Weight in kilograms","490000"
"Uzbekistan","2024","Wood; charcoal of nut or shell, whether or not agglomerated","Export","5456","14780","Weight in kilograms","14780"
"Uzbekistan","2024","Wood; charcoal of nut or shell, whether or not agglomerated","Import","1337378","988410","Weight in kilograms","988410"
"Uzbekistan","2023","Wood; charcoal of nut or shell, whether or not agglomerated","Export","3314","1020","Weight in kilograms","1020"
"Uzbekistan","2023","Wood; charcoal of nut or shell, whether or not agglomerated","Import","300624","199840","Weight in kilograms","199840"
"Viet Nam","2023","Wood; charcoal of nut or shell, whether or not agglomerated","Import","1990250","2121510.903","Weight in kilograms","2121510.903"
"Viet Nam","2023","Wood; charcoal of nut or shell, whether or not agglomerated","Export","5225748.745","4935045.292","Weight in kilograms","4935045.292"
"Viet Nam","2022","Wood; charcoal of nut or shell, whether or not agglomerated","Import","5513016.2","6015330.691","Weight in kilograms","6015330.691"
"Viet Nam","2022","Wood; charcoal of nut or shell, whether or not agglomerated","Export","7726785.662","7385849.269","Weight in kilograms","7385849.269"
"Zambia","2023","Wood; charcoal of nut or shell, whether or not agglomerated","Import","1457.199","2700","Weight in kilograms","2700"
"Zimbabwe","2024","Wood; charcoal of nut or shell, whether or not agglomerated","Import","281.569","210","Weight in kilograms","210"
"Zimbabwe","2023","Wood; charcoal of nut or shell, whether or not agglomerated","Import","349.93","739","Weight in kilograms","739"

